{
    "net.minecraft.client.gui.screens.inventory.InventoryScreen": {
        "buttonHints": {
            "SETTINGS": {
                "horizontalOffset": 289,
                "top": 86
            },
            "SHOW_EDITOR": {
                "horizontalOffset": 277,
                "top": 101
            }
        }
    },
    "com.tiviacz.travelersbackpack.client.screens.BackpackScreen": {
        "ignore": true,
        "buttonHints": {
            "SHOW_EDITOR": {
                "horizontalOffset": 304,
                "top": -10
            },
            "SETTINGS": {
                "horizontalOffset": 317,
                "top": -25
            },
            "SORT": {
                "horizontalOffset": 170,
                "top": 185
            }
        }
    },
    "atonkish.reinfcore.client.gui.screen.ingame.ReinforcedStorageScreen": {
        "buttonHints": {
            "SHOW_EDITOR": {
                "horizontalOffset": 241,
                "top": -8
            },
            "SETTINGS": {
                "horizontalOffset": 253,
                "top": -23
            }
        }
    },
    "net.minecraft.client.gui.screens.inventory.CraftingScreen": {
        "buttonHints": {
            "SHOW_EDITOR": {
                "horizontalOffset": 277,
                "top": 113
            },
            "SETTINGS": {
                "horizontalOffset": 289,
                "top": 98
            }
        }
    },
    "net.minecraft.client.gui.screens.inventory.StonecutterScreen": {
        "buttonHints": {
            "SHOW_EDITOR": {
                "horizontalOffset": 253,
                "top": 113
            },
            "SETTINGS": {
                "horizontalOffset": 265,
                "top": 98
            }
        }
    },
    "fuzs.easyanvils.client.gui.screens.inventory.ModAnvilScreen": {
        "buttonHints": {
            "SHOW_EDITOR": {
                "horizontalOffset": 253,
                "top": 113
            },
            "SETTINGS": {
                "horizontalOffset": 265,
                "top": 98
            }
        }
    },
    "net.minecraft.client.gui.screens.inventory.SmithingScreen": {
        "buttonHints": {
            "SETTINGS": {
                "horizontalOffset": 213,
                "top": 98
            },
            "SORT": {
                "horizontalOffset": 52
            },
            "SORT_COLUMNS": {
                "horizontalOffset": 52
            },
            "SORT_ROWS": {
                "horizontalOffset": 52
            },
            "SHOW_EDITOR": {
                "horizontalOffset": 201,
                "top": 113
            }
        }
    },
    "net.minecraft.client.gui.screens.inventory.CreativeModeInventoryScreen": {
        "buttonHints": {
            "SETTINGS": {
                "horizontalOffset": 313,
                "top": 47
            },
            "SHOW_EDITOR": {
                "horizontalOffset": 302,
                "top": 62
            }
        }
    },
    "io.wispforest.accessories.client.gui.AccessoriesScreen": {
        "buttonHints": {
            "MOVE_TO_CONTAINER": {
                "horizontalOffset": 8,
                "bottom": 26
            },
            "MOVE_TO_PLAYER": {
                "horizontalOffset": -3,
                "top": 40
            },
            "SORT": {
                "horizontalOffset": -39,
                "top": 16
            },
            "SORT_COLUMNS": {
                "horizontalOffset": -16,
                "top": 28
            },
            "SORT_ROWS": {
                "horizontalOffset": -15,
                "top": 28
            },
            "SHOW_EDITOR": {
                "horizontalOffset": 102,
                "top": 46
            },
            "SETTINGS": {
                "horizontalOffset": 293,
                "top": 48
            }
        }
    },
    "net.minecraft.client.gui.screens.inventory.ContainerScreen": {
        "buttonHints": {
            "MOVE_TO_CONTAINER": {
                "horizontalOffset": 1
            },
            "SHOW_EDITOR": {
                "horizontalOffset": 221,
                "top": -10
            },
            "SETTINGS": {
                "horizontalOffset": 234,
                "top": -25
            }
        }
    },
    "net.minecraft.client.gui.screens.inventory.HopperScreen": {
        "buttonHints": {
            "SHOW_EDITOR": {
                "horizontalOffset": 201,
                "top": 96
            },
            "SETTINGS": {
                "horizontalOffset": 213,
                "top": 81
            }
        }
    },
    "fuzs.hoppergadgetry.client.gui.screens.inventory.HopperLikeScreen": {
        "buttonHints": {
            "SHOW_EDITOR": {
                "horizontalOffset": 289,
                "top": 63
            },
            "SETTINGS": {
                "horizontalOffset": 301,
                "top": 48
            },
            "MOVE_TO_CONTAINER": {
                "horizontalOffset": 12
            },
            "MOVE_TO_PLAYER": {
                "top": 33
            },
            "SORT": {
                "horizontalOffset": 12,
                "top": 33
            },
            "SORT_COLUMNS": {
                "horizontalOffset": 12,
                "top": 33
            },
            "SORT_ROWS": {
                "horizontalOffset": 12,
                "top": 33
            }
        }
    },
    "net.blay09.mods.waystones.client.gui.screen.WaystoneModifierScreen": {
        "ignore": true,
        "buttonHints": {
            "SHOW_EDITOR": {
                "horizontalOffset": 288,
                "top": 119
            },
            "SETTINGS": {
                "horizontalOffset": 300,
                "top": 104
            }
        }
    },
    "net.blay09.mods.waystones.client.gui.screen.WaystoneEditScreen": {
        "ignore": true,
        "buttonHints": {
            "SHOW_EDITOR": {
                "horizontalOffset": 294,
                "top": 64
            },
            "SETTINGS": {
                "horizontalOffset": 307,
                "top": 49
            }
        }
    },
    "fuzs.tradingpost.client.gui.screens.inventory.TradingPostScreen": {
        "buttonHints": {
            "SHOW_EDITOR": {
                "horizontalOffset": 322,
                "top": 47
            },
            "SETTINGS": {
                "horizontalOffset": 322,
                "top": 44
            }
        }
    },
    "net.minecraft.client.gui.screens.inventory.MerchantScreen": {
        "buttonHints": {
            "SHOW_EDITOR": {
                "horizontalOffset": 342,
                "top": 113
            },
            "SETTINGS": {
                "horizontalOffset": 354,
                "top": 98
            }
        }
    },
    "fuzs.barteringstation.client.gui.screens.inventory.BarteringStationScreen": {
        "buttonHints": {
            "MOVE_TO_CONTAINER": {
                "horizontalOffset": 12
            },
            "MOVE_TO_PLAYER": {
                "top": 66
            },
            "SORT": {
                "horizontalOffset": 12,
                "top": 66
            },
            "SORT_COLUMNS": {
                "horizontalOffset": 12,
                "top": 66
            },
            "SORT_ROWS": {
                "horizontalOffset": 12,
                "top": 66
            },
            "SHOW_EDITOR": {
                "horizontalOffset": 229,
                "top": 113
            },
            "SETTINGS": {
                "horizontalOffset": 241,
                "top": 98
            }
        }
    },
    "fuzs.echochest.client.gui.screens.inventory.EchoChestScreen": {
        "buttonHints": {
            "MOVE_TO_CONTAINER": {
                "horizontalOffset": 12
            },
            "MOVE_TO_PLAYER": {
                "top": 100
            },
            "SORT": {
                "horizontalOffset": 12,
                "top": 100
            },
            "SORT_COLUMNS": {
                "horizontalOffset": 12,
                "top": 100
            },
            "SORT_ROWS": {
                "horizontalOffset": 12,
                "top": 100
            },
            "SHOW_EDITOR": {
                "horizontalOffset": 229,
                "top": 130
            },
            "SETTINGS": {
                "horizontalOffset": 241,
                "top": 115
            }
        }
    },
    "fuzs.netherchested.client.gui.screens.inventory.NetherChestScreen": {
        "buttonHints": {
            "SHOW_EDITOR": {
                "horizontalOffset": 277,
                "top": 143
            },
            "SETTINGS": {
                "horizontalOffset": 289,
                "top": 128
            }
        }
    },
    "fuzs.statuemenus.api.v1.client.gui.screens.ArmorStandEquipmentScreen": {
        "ignore": true,
        "buttonHints": {
            "SETTINGS": {
                "horizontalOffset": 300,
                "top": 99
            },
            "SHOW_EDITOR": {
                "horizontalOffset": 288,
                "top": 114
            }
        }
    },
    "fuzs.bagofholding.client.gui.screens.inventory.BagItemScreen": {
        "ignore": true,
        "buttonHints": {
            "SHOW_EDITOR": {
                "horizontalOffset": 289,
                "top": 19
            },
            "SETTINGS": {
                "horizontalOffset": 301,
                "top": 4
            }
        }
    },
    "net.blay09.mods.waystones.client.gui.screen.WaystoneSelectionScreen": {
        "buttonHints": {
            "SHOW_EDITOR": {
                "horizontalOffset": 290,
                "top": 10
            },
            "SETTINGS": {
                "horizontalOffset": 303,
                "top": -5
            }
        }
    },
    "net.blay09.mods.waystones.client.gui.screen.SharestoneSelectionScreen": {
        "buttonHints": {
            "SHOW_EDITOR": {
                "horizontalOffset": 249,
                "top": 15
            },
            "SETTINGS": {
                "horizontalOffset": 262
            }
        }
    },
    "net.minecraft.client.gui.screens.inventory.CrafterScreen": {
        "buttonHints": {
            "SHOW_EDITOR": {
                "horizontalOffset": 253,
                "top": 113
            },
            "SETTINGS": {
                "horizontalOffset": 265,
                "top": 98
            }
        }
    },
    "net.minecraft.client.gui.screens.inventory.DispenserScreen": {
        "buttonHints": {
            "SHOW_EDITOR": {
                "horizontalOffset": 277,
                "top": 113
            },
            "SETTINGS": {
                "horizontalOffset": 289,
                "top": 98
            }
        }
    },
    "net.minecraft.client.gui.screens.inventory.BrewingStandScreen": {
        "buttonHints": {
            "SHOW_EDITOR": {
                "horizontalOffset": 288,
                "top": 46
            },
            "SETTINGS": {
                "horizontalOffset": 300,
                "top": 31
            }
        }
    },
    "net.minecraft.client.gui.screens.inventory.BeaconScreen": {
        "buttonHints": {
            "SHOW_EDITOR": {
                "horizontalOffset": 330,
                "top": 122
            },
            "SETTINGS": {
                "horizontalOffset": 330,
                "top": 119
            }
        }
    },
    "fuzs.easymagic.client.gui.screens.inventory.ModEnchantmentScreen": {
        "buttonHints": {
            "SHOW_EDITOR": {
                "horizontalOffset": 289,
                "top": 114
            },
            "SETTINGS": {
                "horizontalOffset": 301,
                "top": 99
            }
        }
    },
    "net.minecraft.client.gui.screens.inventory.FurnaceScreen": {
        "buttonHints": {
            "SHOW_EDITOR": {
                "horizontalOffset": 201,
                "top": 113
            },
            "SETTINGS": {
                "horizontalOffset": 213,
                "top": 98
            }
        }
    },
    "net.minecraft.client.gui.screens.inventory.BlastFurnaceScreen": {
        "buttonHints": {
            "SHOW_EDITOR": {
                "horizontalOffset": 201,
                "top": 113
            },
            "SETTINGS": {
                "horizontalOffset": 213,
                "top": 98
            }
        }
    },
    "net.minecraft.client.gui.screens.inventory.SmokerScreen": {
        "buttonHints": {
            "SHOW_EDITOR": {
                "horizontalOffset": 201,
                "top": 113
            },
            "SETTINGS": {
                "horizontalOffset": 213,
                "top": 98
            }
        }
    },
    "net.minecraft.client.gui.screens.inventory.LoomScreen": {
        "buttonHints": {
            "SHOW_EDITOR": {
                "horizontalOffset": 252,
                "top": 114
            },
            "SETTINGS": {
                "horizontalOffset": 264,
                "top": 99
            }
        }
    },
    "net.minecraft.client.gui.screens.inventory.GrindstoneScreen": {
        "buttonHints": {
            "SHOW_EDITOR": {
                "horizontalOffset": 253,
                "top": 113
            },
            "SETTINGS": {
                "horizontalOffset": 265,
                "top": 98
            }
        }
    },
    "net.minecraft.client.gui.screens.inventory.CartographyTableScreen": {
        "buttonHints": {
            "SHOW_EDITOR": {
                "horizontalOffset": 289,
                "top": 45
            },
            "SETTINGS": {
                "horizontalOffset": 301,
                "top": 30
            }
        }
    },
    "net.minecraft.client.gui.screens.inventory.ShulkerBoxScreen": {
        "buttonHints": {
            "SHOW_EDITOR": {
                "horizontalOffset": 201,
                "top": 113
            },
            "SETTINGS": {
                "horizontalOffset": 213,
                "top": 98
            }
        }
    },
    "net.minecraft.client.gui.screens.inventory.HorseInventoryScreen": {
        "buttonHints": {
            "SHOW_EDITOR": {
                "horizontalOffset": 201,
                "top": 113
            },
            "SETTINGS": {
                "horizontalOffset": 213,
                "top": 98
            }
        }
    },
    "fuzs.illagerinvasion.client.gui.screens.inventory.ImbuingScreen": {
        "ignore": true,
        "buttonHints": {
            "SHOW_EDITOR": {
                "horizontalOffset": 201,
                "top": 114
            },
            "SETTINGS": {
                "horizontalOffset": 213,
                "top": 99
            }
        }
    },
    "com.tiviacz.travelersbackpack.client.screens.BackpackSettingsScreen": {
        "ignore": true,
        "buttonHints": {
            "SETTINGS": {
                "horizontalOffset": 301,
                "top": -25
            },
            "SHOW_EDITOR": {
                "horizontalOffset": 288,
                "top": -10
            }
        }
    },
    "fuzs.enchantinginfuser.client.gui.screens.inventory.InfuserScreen": {
        "ignore": true,
        "buttonHints": {
            "SHOW_EDITOR": {
                "horizontalOffset": 201,
                "top": 122
            },
            "SETTINGS": {
                "horizontalOffset": 213,
                "top": 107
            }
        }
    }
}